HCUPnet - Hospital Inpatient State Statistics,,,,,
,,,,,
"Analysis Type: Descriptive Statistics | Setting of Care: Hospital Inpatient | Geographic Settings: State | Subgroups of Interest: All Codes Combined, Children only (age 0-17) | Years: 2014 | Categorization Type: Medicare-Severity Diagnosis Related Groups (MS-DRG) | Medicare-Severity Diagnosis Related Groups (MS-DRG): Cervical spinal fusion w mcc, Cervical spinal fusion w cc, Cervical spinal fusion w/o cc/mcc | Outcome and Measures: Number, Hospital costs | Patient Characteristics: Age groups, Sex | State: Arizona, Arkansas, California, Colorado, Florida, Hawaii, Illinois, Indiana, Iowa, Kansas, Kentucky, Maine, Maryland, Massachusetts, Michigan, Minnesota, Missouri, Nebraska, Nevada, New Jersey, New Mexico, New York, North Carolina, North Dakota, Oklahoma, Oregon, Rhode Island, South Carolina, Tennessee, Texas, Utah, Vermont, Washington, West Virginia, Wisconsin, Wyoming",,,,,
,,,,,
"2014  Arizona, All Codes Combined",,,,,
"Medicare-Severity Diagnosis Related Groups (MS-DRG): #471      Cervical spinal fusion w mcc, #472      Cervical spinal fusion w cc, #473 Cervical spinal fusion w/o cc/mcc",,,,,
,,,,,
,,Number,,Hospital costs,
,,Total number of discharges: N,Percent of discharges,"Costs, $ (mean)",
All discharges,,3737,100,19713.5640423464,
Age group,1-17,11,0.2943537597,41046.928745304,
,18-44,531,14.2092587637,18246.4570953663,
,45-64,2003,53.5991436982,19066.4297477517,
,65-84,1162,31.0944607974,21034.8120393148,
,85+,30,0.802782981,29781.9282168952,
Sex,Male,1874,50.1471768799,20536.6125206677,
,Female,1861,49.7993042547,18884.3172430478,
,Missing,*,*,*,
,,,,,
"State statistics from HCUP State Inpatient Databases 2014, Agency for Healthcare Research and Quality (AHRQ), based on data collected by the Arizona Department of Health Services and provided to AHRQ. Values based on 10 or fewer discharges or fewer than 2 hospitals in the State statistics (SID) are suppressed to protect confidentiality of patients and are designated with an asterisk (*).",,,,,
"Citation: HCUPnet, Healthcare Cost and Utilization Project. Agency for Healthcare Research and Quality, Rockville, MD. https://hcupnet.ahrq.gov/. For more information about HCUP data see http://www.hcup-us.ahrq.gov/",,,,,
,,,,,
"2014  Arkansas, All Codes Combined",,,,,
"Medicare-Severity Diagnosis Related Groups (MS-DRG): #471      Cervical spinal fusion w mcc, #472      Cervical spinal fusion w cc, #473 Cervical spinal fusion w/o cc/mcc",,,,,
,,,,,
,,Number,,Hospital costs,
,,Total number of discharges: N,Percent of discharges,"Costs, $ (mean)",
All discharges,,2221,100,12033.9574153549,
Age group,1-17,*,*,*,
,18-44,530,23.8631247186,10194.5804893511,
,45-64,1259,56.6861773976,11860.8949956325,
,65-84,417,18.7753264295,13217.8228638159,
,85+,*,*,*,
Sex,Male,1109,49.9324628546,12771.6172633624,
,Female,1112,50.0675371454,11298.2876568654,
,,,,,
"State statistics from HCUP State Inpatient Databases 2014, Agency for Healthcare Research and Quality (AHRQ), based on data collected by the Arkansas Department of Health and provided to AHRQ. Values based on 10 or fewer discharges or fewer than 2 hospitals in the State statistics (SID) are suppressed to protect confidentiality of patients and are designated with an asterisk (*).",,,,,
"Citation: HCUPnet, Healthcare Cost and Utilization Project. Agency for Healthcare Research and Quality, Rockville, MD. https://hcupnet.ahrq.gov/. For more information about HCUP data see http://www.hcup-us.ahrq.gov/",,,,,
,,,,,
"2014  California, All Codes Combined",,,,,
"Medicare-Severity Diagnosis Related Groups (MS-DRG): #471      Cervical spinal fusion w mcc, #472      Cervical spinal fusion w cc, #473 Cervical spinal fusion w/o cc/mcc",,,,,
,,,,,
,,Number,,Hospital costs,
,,Total number of discharges: N,Percent of discharges,"Costs, $ (mean)",
All discharges,,12741,100,26522.2091663647,
Age group,1-17,34,0.2668550349,61134.338385037,
,18-44,1758,13.7979750412,23869.8463862083,
,45-64,7245,56.8636684719,25202.341661903,
,65-84,3520,27.6273447924,29534.8184458065,
,85+,184,1.4441566596,41992.4662856157,
Sex,Male,6456,50.6710619261,27626.1843340392,
,Female,6284,49.3210893964,25408.3250626969,
,Missing,*,*,*,
,,,,,
"State statistics from HCUP State Inpatient Databases 2014, Agency for Healthcare Research and Quality (AHRQ), based on data collected by the California Office of Statewide Health Planning and Development and provided to AHRQ. Values based on 10 or fewer discharges or fewer than 2 hospitals in the State statistics (SID) are suppressed to protect confidentiality of patients and are designated with an asterisk (*).",,,,,
"Citation: HCUPnet, Healthcare Cost and Utilization Project. Agency for Healthcare Research and Quality, Rockville, MD. https://hcupnet.ahrq.gov/. For more information about HCUP data see http://www.hcup-us.ahrq.gov/",,,,,
,,,,,
"2014  Colorado, All Codes Combined",,,,,
"Medicare-Severity Diagnosis Related Groups (MS-DRG): #471      Cervical spinal fusion w mcc, #472      Cervical spinal fusion w cc, #473 Cervical spinal fusion w/o cc/mcc",,,,,
,,,,,
,,Number,,Hospital costs,
,,Total number of discharges: N,Percent of discharges,"Costs, $ (mean)",
All discharges,,2833,100,21347.1663332918,
Age group,1-17,11,0.3882809742,33085.104983357,
,18-44,448,15.8136251324,19118.0181400201,
,45-64,1500,52.9474055771,21040.975677695,
,65-84,843,29.7564419343,22623.3187982018,
,85+,31,1.0942463819,29509.4412013886,
Sex,Male,1388,48.993999294,22206.0781861901,
,Female,1445,51.006000706,20522.1354323763,
,,,,,
"State statistics from HCUP State Inpatient Databases 2014, Agency for Healthcare Research and Quality (AHRQ), based on data collected by the Colorado Hospital Association and provided to AHRQ. Values based on 10 or fewer discharges or fewer than 2 hospitals in the State statistics (SID) are suppressed to protect confidentiality of patients and are designated with an asterisk (*).",,,,,
"Citation: HCUPnet, Healthcare Cost and Utilization Project. Agency for Healthcare Research and Quality, Rockville, MD. https://hcupnet.ahrq.gov/. For more information about HCUP data see http://www.hcup-us.ahrq.gov/",,,,,
,,,,,
"2014  Florida, All Codes Combined",,,,,
"Medicare-Severity Diagnosis Related Groups (MS-DRG): #471      Cervical spinal fusion w mcc, #472      Cervical spinal fusion w cc, #473 Cervical spinal fusion w/o cc/mcc",,,,,
,,,,,
,,Number,,Hospital costs,
,,Total number of discharges: N,Percent of discharges,"Costs, $ (mean)",
All discharges,,11902,100,16166.4703278346,
Age group,1-17,28,0.2352545791,33685.4999582854,
,18-44,1852,15.5604100151,14771.1502548222,
,45-64,6394,53.7220635187,15721.9364055398,
,65-84,3513,29.5160477231,17364.091661027,
,85+,115,0.966224164,22503.0451209988,
Sex,Male,5665,47.5970425139,17009.2342161345,
,Female,6237,52.4029574861,15400.9969548638,
,,,,,
"State statistics from HCUP State Inpatient Databases 2014, Agency for Healthcare Research and Quality (AHRQ), based on data collected by the Florida Agency for Health Care Administration and provided to AHRQ. Values based on 10 or fewer discharges or fewer than 2 hospitals in the State statistics (SID) are suppressed to protect confidentiality of patients and are designated with an asterisk (*).",,,,,
"Citation: HCUPnet, Healthcare Cost and Utilization Project. Agency for Healthcare Research and Quality, Rockville, MD. https://hcupnet.ahrq.gov/. For more information about HCUP data see http://www.hcup-us.ahrq.gov/",,,,,
,,,,,
"2014  Hawaii, All Codes Combined",,,,,
"Medicare-Severity Diagnosis Related Groups (MS-DRG): #471      Cervical spinal fusion w mcc, #472      Cervical spinal fusion w cc, #473 Cervical spinal fusion w/o cc/mcc",,,,,
,,,,,
,,Number,,Hospital costs,
,,Total number of discharges: N,Percent of discharges,"Costs, $ (mean)",
All discharges,,215,100,24190.4568756186,
Age group,18-44,26,12.0930232558,26738.1878569231,
,45-64,96,44.6511627907,23393.9148715521,
,65-84,89,41.3953488372,23737.6259380337,
,85+,*,*,*,
Sex,Male,133,61.8604651163,24974.1649148196,
,Female,82,38.1395348837,22919.3206654146,
,,,,,
"State statistics from HCUP State Inpatient Databases 2014, Agency for Healthcare Research and Quality (AHRQ), based on data collected by the Hawaii Health Information Corporation and provided to AHRQ. Values based on 10 or fewer discharges or fewer than 2 hospitals in the State statistics (SID) are suppressed to protect confidentiality of patients and are designated with an asterisk (*).",,,,,
"Citation: HCUPnet, Healthcare Cost and Utilization Project. Agency for Healthcare Research and Quality, Rockville, MD. https://hcupnet.ahrq.gov/. For more information about HCUP data see http://www.hcup-us.ahrq.gov/",,,,,
,,,,,
"2014  Illinois, All Codes Combined",,,,,
"Medicare-Severity Diagnosis Related Groups (MS-DRG): #471      Cervical spinal fusion w mcc, #472      Cervical spinal fusion w cc, #473 Cervical spinal fusion w/o cc/mcc",,,,,
,,,,,
,,Number,,Hospital costs,
,,Total number of discharges: N,Percent of discharges,"Costs, $ (mean)",
All discharges,,5438,100,21117.3730539237,
Age group,1-17,22,0.4045605002,47476.693502085,
,18-44,1028,18.9040088268,17886.3298845053,
,45-64,3105,57.0981978669,20588.0539813158,
,65-84,1219,22.4163295329,24148.8555670994,
,85+,64,1.1769032733,31894.9646975006,
Sex,Male,2707,49.7793306363,21791.6817165579,
,Female,2730,50.2022802501,20448.4728076084,
,Missing,*,*,*,
,,,,,
"State statistics from HCUP State Inpatient Databases 2014, Agency for Healthcare Research and Quality (AHRQ), based on data collected by the Illinois Department of Public Health and provided to AHRQ. Values based on 10 or fewer discharges or fewer than 2 hospitals in the State statistics (SID) are suppressed to protect confidentiality of patients and are designated with an asterisk (*).",,,,,
"Citation: HCUPnet, Healthcare Cost and Utilization Project. Agency for Healthcare Research and Quality, Rockville, MD. https://hcupnet.ahrq.gov/. For more information about HCUP data see http://www.hcup-us.ahrq.gov/",,,,,
,,,,,
"2014  Indiana, All Codes Combined",,,,,
"Medicare-Severity Diagnosis Related Groups (MS-DRG): #471      Cervical spinal fusion w mcc, #472      Cervical spinal fusion w cc, #473 Cervical spinal fusion w/o cc/mcc",,,,,
,,,,,
,,Number,,Hospital costs,
,,Total number of discharges: N,Percent of discharges,"Costs, $ (mean)",
All discharges,,2477,100,21427.0791558307,
Age group,1-17,*,*,*,
,18-44,350,14.1299959629,21260.569664486,
,45-64,1263,50.9890997174,21096.0013258692,
,65-84,822,33.1853048042,21346.1850160025,
,85+,33,1.3322567622,31721.4940074485,
Sex,Male,1247,50.3431570448,21581.3934013114,
,Female,1229,49.6164715382,21273.6751303121,
,Missing,*,*,*,
,,,,,
"State statistics from HCUP State Inpatient Databases 2014, Agency for Healthcare Research and Quality (AHRQ), based on data collected by the Indiana Hospital Association and provided to AHRQ. Values based on 10 or fewer discharges or fewer than 2 hospitals in the State statistics (SID) are suppressed to protect confidentiality of patients and are designated with an asterisk (*).",,,,,
"Citation: HCUPnet, Healthcare Cost and Utilization Project. Agency for Healthcare Research and Quality, Rockville, MD. https://hcupnet.ahrq.gov/. For more information about HCUP data see http://www.hcup-us.ahrq.gov/",,,,,
,,,,,
"2014  Iowa, All Codes Combined",,,,,
"Medicare-Severity Diagnosis Related Groups (MS-DRG): #471      Cervical spinal fusion w mcc, #472      Cervical spinal fusion w cc, #473 Cervical spinal fusion w/o cc/mcc",,,,,
,,,,,
,,Number,,Hospital costs,
,,Total number of discharges: N,Percent of discharges,"Costs, $ (mean)",
All discharges,,1093,100,17103.8296105469,
Age group,1-17,*,*,*,
,18-44,197,18.0237877402,15741.8209207727,
,45-64,606,55.4437328454,16402.117350532,
,65-84,272,24.8856358646,18755.2636093092,
,85+,16,1.4638609332,30371.2556650497,
,Missing,*,*,*,
Sex,Male,597,54.6203110704,17545.5804903564,
,Female,496,45.3796889296,16572.1254265825,
,,,,,
"State statistics from HCUP State Inpatient Databases 2014, Agency for Healthcare Research and Quality (AHRQ), based on data collected by the Iowa Hospital Association and provided to AHRQ. Values based on 10 or fewer discharges or fewer than 2 hospitals in the State statistics (SID) are suppressed to protect confidentiality of patients and are designated with an asterisk (*).",,,,,
"Citation: HCUPnet, Healthcare Cost and Utilization Project. Agency for Healthcare Research and Quality, Rockville, MD. https://hcupnet.ahrq.gov/. For more information about HCUP data see http://www.hcup-us.ahrq.gov/",,,,,
,,,,,
"2014  Kansas, All Codes Combined",,,,,
"Medicare-Severity Diagnosis Related Groups (MS-DRG): #471      Cervical spinal fusion w mcc, #472      Cervical spinal fusion w cc, #473 Cervical spinal fusion w/o cc/mcc",,,,,
,,,,,
,,Number,,Hospital costs,
,,Total number of discharges: N,Percent of discharges,"Costs, $ (mean)",
All discharges,,941,100,14821.5905707761,
Age group,1-17,*,*,*,
,18-44,206,21.8916046759,12733.4829316683,
,45-64,510,54.1976620616,14467.3364433062,
,65-84,210,22.3166843783,17436.2825080413,
,85+,11,1.1689691817,19975.0499239403,
Sex,Male,486,51.647183847,15833.6189432831,
,Female,455,48.352816153,13740.6108146478,
,,,,,
"State statistics from HCUP State Inpatient Databases 2014, Agency for Healthcare Research and Quality (AHRQ), based on data collected by the Kansas Hospital Association and provided to AHRQ. Values based on 10 or fewer discharges or fewer than 2 hospitals in the State statistics (SID) are suppressed to protect confidentiality of patients and are designated with an asterisk (*).",,,,,
"Citation: HCUPnet, Healthcare Cost and Utilization Project. Agency for Healthcare Research and Quality, Rockville, MD. https://hcupnet.ahrq.gov/. For more information about HCUP data see http://www.hcup-us.ahrq.gov/",,,,,
,,,,,
"2014  Kentucky, All Codes Combined",,,,,
"Medicare-Severity Diagnosis Related Groups (MS-DRG): #471      Cervical spinal fusion w mcc, #472      Cervical spinal fusion w cc, #473 Cervical spinal fusion w/o cc/mcc",,,,,
,,,,,
,,Number,,Hospital costs,
,,Total number of discharges: N,Percent of discharges,"Costs, $ (mean)",
All discharges,,2085,100,17296.0579318283,
Age group,1-17,*,*,*,
,18-44,446,21.3908872902,15977.1283307708,
,45-64,1128,54.1007194245,17122.6802272945,
,65-84,497,23.8369304556,18045.6601933011,
,85+,*,*,*,
Sex,Male,1044,50.071942446,17902.6219832198,
,Female,1041,49.928057554,16687.745857234,
,,,,,
"State statistics from HCUP State Inpatient Databases 2014, Agency for Healthcare Research and Quality (AHRQ), based on data collected by the Kentucky Cabinet for Health and Family Services and provided to AHRQ. Values based on 10 or fewer discharges or fewer than 2 hospitals in the State statistics (SID) are suppressed to protect confidentiality of patients and are designated with an asterisk (*).",,,,,
"Citation: HCUPnet, Healthcare Cost and Utilization Project. Agency for Healthcare Research and Quality, Rockville, MD. https://hcupnet.ahrq.gov/. For more information about HCUP data see http://www.hcup-us.ahrq.gov/",,,,,
,,,,,
"2014  Maine, All Codes Combined",,,,,
"Medicare-Severity Diagnosis Related Groups (MS-DRG): #471      Cervical spinal fusion w mcc, #472      Cervical spinal fusion w cc, #473 Cervical spinal fusion w/o cc/mcc",,,,,
,,,,,
,,Number,,Hospital costs,
,,Total number of discharges: N,Percent of discharges,"Costs, $ (mean)",
All discharges,,427,100,11908.785981924,
Age group,1-17,*,*,*,
,18-44,95,22.2482435597,10604.5374355743,
,45-64,214,50.1170960187,11929.2707300088,
,65-84,113,26.4637002342,12720.5871316045,
,85+,*,*,*,
Sex,Male,213,49.8829039813,12527.9808924883,
,Female,214,50.1170960187,11279.7625807157,
,,,,,
"State statistics from HCUP State Inpatient Databases 2014, Agency for Healthcare Research and Quality (AHRQ), based on data collected by the Maine Health Data Organization and provided to AHRQ. Values based on 10 or fewer discharges or fewer than 2 hospitals in the State statistics (SID) are suppressed to protect confidentiality of patients and are designated with an asterisk (*).",,,,,
"Citation: HCUPnet, Healthcare Cost and Utilization Project. Agency for Healthcare Research and Quality, Rockville, MD. https://hcupnet.ahrq.gov/. For more information about HCUP data see http://www.hcup-us.ahrq.gov/",,,,,
,,,,,
"2014  Maryland, All Codes Combined",,,,,
"Medicare-Severity Diagnosis Related Groups (MS-DRG): #471      Cervical spinal fusion w mcc, #472      Cervical spinal fusion w cc, #473 Cervical spinal fusion w/o cc/mcc",,,,,
,,,,,
,,Number,,Hospital costs,
,,Total number of discharges: N,Percent of discharges,"Costs, $ (mean)",
All discharges,,2816,100,21793.8676000779,
Age group,1-17,*,*,*,
,18-44,495,17.578125,19581.3412495967,
,45-64,1579,56.0724431818,21206.9735798092,
,65-84,705,25.0355113636,23991.2373392308,
,85+,27,0.9588068182,32999.4570337828,
Sex,Male,1297,46.0582386364,22343.1064825764,
,Female,1519,53.9417613636,21324.8993113349,
,,,,,
"State statistics from HCUP State Inpatient Databases 2014, Agency for Healthcare Research and Quality (AHRQ), based on data collected by the Maryland Health Services Cost Review Commission and provided to AHRQ. Values based on 10 or fewer discharges or fewer than 2 hospitals in the State statistics (SID) are suppressed to protect confidentiality of patients and are designated with an asterisk (*).",,,,,
"Citation: HCUPnet, Healthcare Cost and Utilization Project. Agency for Healthcare Research and Quality, Rockville, MD. https://hcupnet.ahrq.gov/. For more information about HCUP data see http://www.hcup-us.ahrq.gov/",,,,,
,,,,,
"2014  Massachusetts, All Codes Combined",,,,,
"Medicare-Severity Diagnosis Related Groups (MS-DRG): #471      Cervical spinal fusion w mcc, #472      Cervical spinal fusion w cc, #473 Cervical spinal fusion w/o cc/mcc",,,,,
,,,,,
,,Number,,Hospital costs,
,,Total number of discharges: N,Percent of discharges,"Costs, $ (mean)",
All discharges,,3119,100,20627.5321052966,
Age group,1-17,15,0.4809233729,53118.2174686,
,18-44,552,17.6979801218,18091.4090146304,
,45-64,1840,58.9932670728,19543.0799785147,
,65-84,682,21.8659826868,24309.2449232126,
,85+,30,0.9618467458,33862.3133868333,
Sex,Male,1624,52.0679705034,21302.3901626558,
,Female,1495,47.9320294966,19894.4421493217,
,,,,,
"State statistics from HCUP State Inpatient Databases 2014, Agency for Healthcare Research and Quality (AHRQ), based on data collected by the Massachusetts Division of Health Care Finance and Policy and provided to AHRQ. Values based on 10 or fewer discharges or fewer than 2 hospitals in the State statistics (SID) are suppressed to protect confidentiality of patients and are designated with an asterisk (*).",,,,,
"Citation: HCUPnet, Healthcare Cost and Utilization Project. Agency for Healthcare Research and Quality, Rockville, MD. https://hcupnet.ahrq.gov/. For more information about HCUP data see http://www.hcup-us.ahrq.gov/",,,,,
,,,,,
"2014  Michigan, All Codes Combined",,,,,
"Medicare-Severity Diagnosis Related Groups (MS-DRG): #471      Cervical spinal fusion w mcc, #472      Cervical spinal fusion w cc, #473 Cervical spinal fusion w/o cc/mcc",,,,,
,,,,,
,,Number,,Hospital costs,
,,Total number of discharges: N,Percent of discharges,"Costs, $ (mean)",
All discharges,,6698,100,15534.4825259773,
Age group,1-17,15,0.223947447,26279.53307355,
,18-44,1149,17.1543744401,13348.5157407505,
,45-64,3871,57.7933711556,15066.9394643406,
,65-84,1599,23.8727978501,17880.7862592693,
,85+,64,0.9555091072,23361.1880424556,
Sex,Male,3365,50.2388772768,16061.257398691,
,Female,3333,49.7611227232,15011.9190446511,
,,,,,
"State statistics from HCUP State Inpatient Databases 2014, Agency for Healthcare Research and Quality (AHRQ), based on data collected by the Michigan Health & Hospital Association and provided to AHRQ. Values based on 10 or fewer discharges or fewer than 2 hospitals in the State statistics (SID) are suppressed to protect confidentiality of patients and are designated with an asterisk (*).",,,,,
"Citation: HCUPnet, Healthcare Cost and Utilization Project. Agency for Healthcare Research and Quality, Rockville, MD. https://hcupnet.ahrq.gov/. For more information about HCUP data see http://www.hcup-us.ahrq.gov/",,,,,
,,,,,
"2014  Minnesota, All Codes Combined",,,,,
"Medicare-Severity Diagnosis Related Groups (MS-DRG): #471      Cervical spinal fusion w mcc, #472      Cervical spinal fusion w cc, #473 Cervical spinal fusion w/o cc/mcc",,,,,
,,,,,
,,Number,,Hospital costs,
,,Total number of discharges: N,Percent of discharges,"Costs, $ (mean)",
All discharges,,2544,100,16258.3875445874,
Age group,1-17,*,*,*,
,18-44,517,20.322327044,13994.0721589575,
,45-64,1438,56.5251572327,15258.6646922392,
,65-84,554,21.7767295597,19714.8881584845,
,85+,25,0.9827044025,25443.9291127426,
Sex,Male,1279,50.2751572327,17159.8010614655,
,Female,1265,49.7248427673,15346.9979097359,
,,,,,
"State statistics from HCUP State Inpatient Databases 2014, Agency for Healthcare Research and Quality (AHRQ), based on data collected by the Minnesota Hospital Association and provided to AHRQ. Values based on 10 or fewer discharges or fewer than 2 hospitals in the State statistics (SID) are suppressed to protect confidentiality of patients and are designated with an asterisk (*).",,,,,
"Citation: HCUPnet, Healthcare Cost and Utilization Project. Agency for Healthcare Research and Quality, Rockville, MD. https://hcupnet.ahrq.gov/. For more information about HCUP data see http://www.hcup-us.ahrq.gov/",,,,,
,,,,,
"2014  Missouri, All Codes Combined",,,,,
"Medicare-Severity Diagnosis Related Groups (MS-DRG): #471      Cervical spinal fusion w mcc, #472      Cervical spinal fusion w cc, #473 Cervical spinal fusion w/o cc/mcc",,,,,
,,,,,
,,Number,,Hospital costs,
,,Total number of discharges: N,Percent of discharges,"Costs, $ (mean)",
All discharges,,3025,100,18482.451244843,
Age group,<1,*,*,*,
,1-17,17,0.5619834711,45866.9466567226,
,18-44,461,15.2396694215,17028.4451996896,
,45-64,1556,51.4380165289,18519.2885087493,
,65-84,954,31.5371900826,18481.6946176867,
,85+,36,1.1900826446,19963.0313280885,
Sex,Male,1519,50.2148760331,19660.042396855,
,Female,1506,49.7851239669,17294.6949633647,
,,,,,
"State statistics from HCUP State Inpatient Databases 2014, Agency for Healthcare Research and Quality (AHRQ), based on data collected by the Missouri Hospital Industry Data Institute and provided to AHRQ. Values based on 10 or fewer discharges or fewer than 2 hospitals in the State statistics (SID) are suppressed to protect confidentiality of patients and are designated with an asterisk (*).",,,,,
"Citation: HCUPnet, Healthcare Cost and Utilization Project. Agency for Healthcare Research and Quality, Rockville, MD. https://hcupnet.ahrq.gov/. For more information about HCUP data see http://www.hcup-us.ahrq.gov/",,,,,
,,,,,
"2014  Nebraska, All Codes Combined",,,,,
"Medicare-Severity Diagnosis Related Groups (MS-DRG): #471      Cervical spinal fusion w mcc, #472      Cervical spinal fusion w cc, #473 Cervical spinal fusion w/o cc/mcc",,,,,
,,,,,
,,Number,,Hospital costs,
,,Total number of discharges: N,Percent of discharges,"Costs, $ (mean)",
All discharges,,682,100,19496.7366263362,
Age group,1-17,*,*,*,
,18-44,121,17.7419354839,15558.2785884717,
,45-64,343,50.293255132,19012.9446816385,
,65-84,212,31.0850439883,22285.0942260398,
,85+,*,*,*,
Sex,Male,346,50.7331378299,20303.8372552134,
,Female,336,49.2668621701,18665.6151454092,
,,,,,
"State statistics from HCUP State Inpatient Databases 2014, Agency for Healthcare Research and Quality (AHRQ), based on data collected by the Nebraska Hospital Association and provided to AHRQ. Values based on 10 or fewer discharges or fewer than 2 hospitals in the State statistics (SID) are suppressed to protect confidentiality of patients and are designated with an asterisk (*).",,,,,
"Citation: HCUPnet, Healthcare Cost and Utilization Project. Agency for Healthcare Research and Quality, Rockville, MD. https://hcupnet.ahrq.gov/. For more information about HCUP data see http://www.hcup-us.ahrq.gov/",,,,,
,,,,,
"2014  Nevada, All Codes Combined",,,,,
"Medicare-Severity Diagnosis Related Groups (MS-DRG): #471      Cervical spinal fusion w mcc, #472      Cervical spinal fusion w cc, #473 Cervical spinal fusion w/o cc/mcc",,,,,
,,,,,
,,Number,,Hospital costs,
,,Total number of discharges: N,Percent of discharges,"Costs, $ (mean)",
All discharges,,2082,100,16322.0497292959,
Age group,1-17,*,*,*,
,18-44,376,18.0595581172,14083.4670719494,
,45-64,1170,56.1959654179,15871.9339343588,
,65-84,529,25.4082612872,18792.7131122202,
,85+,*,*,*,
Sex,Male,968,46.4937560038,17259.8346639592,
,Female,1114,53.5062439962,15507.1701810426,
,,,,,
"State statistics from HCUP State Inpatient Databases 2014, Agency for Healthcare Research and Quality (AHRQ), based on data collected by the University of Nevada, Las Vegas and provided to AHRQ. Values based on 10 or fewer discharges or fewer than 2 hospitals in the State statistics (SID) are suppressed to protect confidentiality of patients and are designated with an asterisk (*).",,,,,
"Citation: HCUPnet, Healthcare Cost and Utilization Project. Agency for Healthcare Research and Quality, Rockville, MD. https://hcupnet.ahrq.gov/. For more information about HCUP data see http://www.hcup-us.ahrq.gov/",,,,,
,,,,,
"2014  New Jersey, All Codes Combined",,,,,
"Medicare-Severity Diagnosis Related Groups (MS-DRG): #471      Cervical spinal fusion w mcc, #472      Cervical spinal fusion w cc, #473 Cervical spinal fusion w/o cc/mcc",,,,,
,,,,,
,,Number,,Hospital costs,
,,Total number of discharges: N,Percent of discharges,"Costs, $ (mean)",
All discharges,,2995,100,15067.3938816406,
Age group,1-17,*,*,*,
,18-44,605,20.2003338898,13703.5980684339,
,45-64,1785,59.5993322204,14497.0978496227,
,65-84,581,19.3989983306,17774.2473145111,
,85+,22,0.734557596,26792.9534331403,
Sex,Male,1479,49.3823038397,15616.0507645818,
,Female,1516,50.6176961603,14532.1277009875,
,,,,,
"State statistics from HCUP State Inpatient Databases 2014, Agency for Healthcare Research and Quality (AHRQ), based on data collected by the New Jersey Department of Health and Senior Services and provided to AHRQ. Values based on 10 or fewer discharges or fewer than 2 hospitals in the State statistics (SID) are suppressed to protect confidentiality of patients and are designated with an asterisk (*).",,,,,
"Citation: HCUPnet, Healthcare Cost and Utilization Project. Agency for Healthcare Research and Quality, Rockville, MD. https://hcupnet.ahrq.gov/. For more information about HCUP data see http://www.hcup-us.ahrq.gov/",,,,,
,,,,,
"2014  New Mexico, All Codes Combined",,,,,
"Medicare-Severity Diagnosis Related Groups (MS-DRG): #471      Cervical spinal fusion w mcc, #472      Cervical spinal fusion w cc, #473 Cervical spinal fusion w/o cc/mcc",,,,,
,,,,,
,,Number,,Hospital costs,
,,Total number of discharges: N,Percent of discharges,"Costs, $ (mean)",
All discharges,,421,100,21418.5267805816,
Age group,1-17,*,*,*,
,18-44,52,12.351543943,18491.6670248539,
,45-64,215,51.0688836105,21025.5245186569,
,65-84,147,34.9168646081,22718.7522026748,
,85+,*,*,*,
Sex,Male,228,54.1567695962,22717.8375923459,
,Female,193,45.8432304038,19883.589655803,
,,,,,
"State statistics from HCUP State Inpatient Databases 2014, Agency for Healthcare Research and Quality (AHRQ), based on data collected by the New Mexico Department of Health and provided to AHRQ. Values based on 10 or fewer discharges or fewer than 2 hospitals in the State statistics (SID) are suppressed to protect confidentiality of patients and are designated with an asterisk (*).",,,,,
"Citation: HCUPnet, Healthcare Cost and Utilization Project. Agency for Healthcare Research and Quality, Rockville, MD. https://hcupnet.ahrq.gov/. For more information about HCUP data see http://www.hcup-us.ahrq.gov/",,,,,
,,,,,
"2014  New York, All Codes Combined",,,,,
"Medicare-Severity Diagnosis Related Groups (MS-DRG): #471      Cervical spinal fusion w mcc, #472      Cervical spinal fusion w cc, #473 Cervical spinal fusion w/o cc/mcc",,,,,
,,,,,
,,Number,,Hospital costs,
,,Total number of discharges: N,Percent of discharges,"Costs, $ (mean)",
All discharges,,9376,100,17824.4160555548,
Age group,<1,*,*,*,
,1-17,26,0.2773037543,31527.3642714209,
,18-44,2032,21.6723549488,14962.4667275109,
,45-64,5397,57.5618600683,17205.8487763918,
,65-84,1838,19.6032423208,22053.3317663759,
,85+,82,0.8745733788,30193.6430268479,
Sex,Male,4706,50.1919795222,18322.4330573257,
,Female,4670,49.8080204778,17322.5599505582,
,,,,,
"State statistics from HCUP State Inpatient Databases 2014, Agency for Healthcare Research and Quality (AHRQ), based on data collected by the New York State Department of Health and provided to AHRQ. Values based on 10 or fewer discharges or fewer than 2 hospitals in the State statistics (SID) are suppressed to protect confidentiality of patients and are designated with an asterisk (*).",,,,,
"Citation: HCUPnet, Healthcare Cost and Utilization Project. Agency for Healthcare Research and Quality, Rockville, MD. https://hcupnet.ahrq.gov/. For more information about HCUP data see http://www.hcup-us.ahrq.gov/",,,,,
,,,,,
"2014  North Carolina, All Codes Combined",,,,,
"Medicare-Severity Diagnosis Related Groups (MS-DRG): #471      Cervical spinal fusion w mcc, #472      Cervical spinal fusion w cc, #473 Cervical spinal fusion w/o cc/mcc",,,,,
,,,,,
,,Number,,Hospital costs,
,,Total number of discharges: N,Percent of discharges,"Costs, $ (mean)",
All discharges,,4989,100,19533.4722935651,
Age group,1-17,11,0.2204850671,28232.2833758438,
,18-44,720,14.4317498497,17610.4010849149,
,45-64,2528,50.6714772499,19132.9777629342,
,65-84,1679,33.6540388855,20634.7246532742,
,85+,51,1.0222489477,28387.3936848836,
Sex,Male,2508,50.2705953097,20020.8695087201,
,Female,2479,49.6893164963,19033.8747260115,
,Missing,*,*,*,
,,,,,
"State statistics from HCUP State Inpatient Databases 2014, Agency for Healthcare Research and Quality (AHRQ), based on data collected by the North Carolina Department of Health and Human Services and provided to AHRQ. Values based on 10 or fewer discharges or fewer than 2 hospitals in the State statistics (SID) are suppressed to protect confidentiality of patients and are designated with an asterisk (*).",,,,,
"Citation: HCUPnet, Healthcare Cost and Utilization Project. Agency for Healthcare Research and Quality, Rockville, MD. https://hcupnet.ahrq.gov/. For more information about HCUP data see http://www.hcup-us.ahrq.gov/",,,,,
,,,,,
"2014  North Dakota, All Codes Combined",,,,,
"Medicare-Severity Diagnosis Related Groups (MS-DRG): #471      Cervical spinal fusion w mcc, #472      Cervical spinal fusion w cc, #473 Cervical spinal fusion w/o cc/mcc",,,,,
,,,,,
,,Number,,Hospital costs,
,,Total number of discharges: N,Percent of discharges,"Costs, $ (mean)",
All discharges,,621,100,14826.8899456846,
Age group,18-44,138,22.2222222222,13880.9764564378,
,45-64,354,57.0048309179,14258.4209294511,
,65-84,124,19.9677938808,17053.9643644601,
,85+,*,*,*,
Sex,Male,332,53.46215781,14898.4428482232,
,Female,289,46.53784219,14744.6907635296,
,,,,,
"State statistics from HCUP State Inpatient Databases 2014, Agency for Healthcare Research and Quality (AHRQ), based on data collected by the Minnesota Hospital Association and provided to AHRQ. Values based on 10 or fewer discharges or fewer than 2 hospitals in the State statistics (SID) are suppressed to protect confidentiality of patients and are designated with an asterisk (*).",,,,,
"Citation: HCUPnet, Healthcare Cost and Utilization Project. Agency for Healthcare Research and Quality, Rockville, MD. https://hcupnet.ahrq.gov/. For more information about HCUP data see http://www.hcup-us.ahrq.gov/",,,,,
,,,,,
"2014  Oklahoma, All Codes Combined",,,,,
"Medicare-Severity Diagnosis Related Groups (MS-DRG): #471      Cervical spinal fusion w mcc, #472      Cervical spinal fusion w cc, #473 Cervical spinal fusion w/o cc/mcc",,,,,
,,,,,
,,Number,,Hospital costs,
,,Total number of discharges: N,Percent of discharges,"Costs, $ (mean)",
All discharges,,3445,100,13542.0944144501,
Age group,1-17,*,*,*,
,18-44,733,21.2772133527,12404.0285901407,
,45-64,2000,58.0551523948,13265.9412557497,
,65-84,686,19.9129172714,15104.8265014183,
,85+,21,0.6095791001,24795.9239065028,
Sex,Male,1586,46.0377358491,13845.0109800338,
,Female,1859,53.9622641509,13283.6620997563,
,,,,,
"State statistics from HCUP State Inpatient Databases 2014, Agency for Healthcare Research and Quality (AHRQ), based on data collected by the Oklahoma State Department of Health and provided to AHRQ. Values based on 10 or fewer discharges or fewer than 2 hospitals in the State statistics (SID) are suppressed to protect confidentiality of patients and are designated with an asterisk (*).",,,,,
"Citation: HCUPnet, Healthcare Cost and Utilization Project. Agency for Healthcare Research and Quality, Rockville, MD. https://hcupnet.ahrq.gov/. For more information about HCUP data see http://www.hcup-us.ahrq.gov/",,,,,
,,,,,
"2014  Oregon, All Codes Combined",,,,,
"Medicare-Severity Diagnosis Related Groups (MS-DRG): #471      Cervical spinal fusion w mcc, #472      Cervical spinal fusion w cc, #473 Cervical spinal fusion w/o cc/mcc",,,,,
,,,,,
,,Number,,Hospital costs,
,,Total number of discharges: N,Percent of discharges,"Costs, $ (mean)",
All discharges,,1961,100,18501.866646059,
Age group,1-17,11,0.5609382968,28573.3286107995,
,18-44,256,13.054563998,16238.5830674446,
,45-64,1060,54.0540540541,18186.0772303986,
,65-84,601,30.6476287608,19257.1684082672,
,85+,33,1.6828148904,29090.1980407838,
Sex,Male,999,50.9433962264,18867.1264704674,
,Female,962,49.0566037736,18122.5583668656,
,,,,,
"State statistics from HCUP State Inpatient Databases 2014, Agency for Healthcare Research and Quality (AHRQ), based on data collected by the Oregon Association of Hospitals and Health Systems and provided to AHRQ. Values based on 10 or fewer discharges or fewer than 2 hospitals in the State statistics (SID) are suppressed to protect confidentiality of patients and are designated with an asterisk (*).",,,,,
"Citation: HCUPnet, Healthcare Cost and Utilization Project. Agency for Healthcare Research and Quality, Rockville, MD. https://hcupnet.ahrq.gov/. For more information about HCUP data see http://www.hcup-us.ahrq.gov/",,,,,
,,,,,
"2014  Rhode Island, All Codes Combined",,,,,
"Medicare-Severity Diagnosis Related Groups (MS-DRG): #471      Cervical spinal fusion w mcc, #472      Cervical spinal fusion w cc, #473 Cervical spinal fusion w/o cc/mcc",,,,,
,,,,,
,,Number,,Hospital costs,
,,Total number of discharges: N,Percent of discharges,"Costs, $ (mean)",
All discharges,,450,100,13295.8308311623,
Age group,1-17,*,*,*,
,18-44,93,20.6666666667,11070.426936326,
,45-64,254,56.4444444444,12424.0742731357,
,65-84,98,21.7777777778,17117.2409115018,
,85+,*,*,*,
Sex,Male,211,46.8888888889,12966.57029249,
,Female,239,53.1111111111,13586.5169134211,
,,,,,
"State statistics from HCUP State Inpatient Databases 2014, Agency for Healthcare Research and Quality (AHRQ), based on data collected by the Rhode Island Department of Health and provided to AHRQ. Values based on 10 or fewer discharges or fewer than 2 hospitals in the State statistics (SID) are suppressed to protect confidentiality of patients and are designated with an asterisk (*).",,,,,
"Citation: HCUPnet, Healthcare Cost and Utilization Project. Agency for Healthcare Research and Quality, Rockville, MD. https://hcupnet.ahrq.gov/. For more information about HCUP data see http://www.hcup-us.ahrq.gov/",,,,,
,,,,,
"2014  South Carolina, All Codes Combined",,,,,
"Medicare-Severity Diagnosis Related Groups (MS-DRG): #471      Cervical spinal fusion w mcc, #472      Cervical spinal fusion w cc, #473 Cervical spinal fusion w/o cc/mcc",,,,,
,,,,,
,,Number,,Hospital costs,
,,Total number of discharges: N,Percent of discharges,"Costs, $ (mean)",
All discharges,,3701,100,18249.5931211801,
Age group,1-17,*,*,*,
,18-44,628,16.9683869225,15940.0281390267,
,45-64,2021,54.60686301,18142.5931326944,
,65-84,1026,27.7222372332,19596.3657600344,
,85+,19,0.5133747636,27021.0710335631,
Sex,Male,1829,49.4190759254,19089.0251234125,
,Female,1872,50.5809240746,17428.189269226,
,,,,,
"State statistics from HCUP State Inpatient Databases 2014, Agency for Healthcare Research and Quality (AHRQ), based on data collected by the South Carolina State Budget and Control Board and provided to AHRQ. Values based on 10 or fewer discharges or fewer than 2 hospitals in the State statistics (SID) are suppressed to protect confidentiality of patients and are designated with an asterisk (*).",,,,,
"Citation: HCUPnet, Healthcare Cost and Utilization Project. Agency for Healthcare Research and Quality, Rockville, MD. https://hcupnet.ahrq.gov/. For more information about HCUP data see http://www.hcup-us.ahrq.gov/",,,,,
,,,,,
"2014  Tennessee, All Codes Combined",,,,,
"Medicare-Severity Diagnosis Related Groups (MS-DRG): #471      Cervical spinal fusion w mcc, #472      Cervical spinal fusion w cc, #473 Cervical spinal fusion w/o cc/mcc",,,,,
,,,,,
,,Number,,Hospital costs,
,,Total number of discharges: N,Percent of discharges,"Costs, $ (mean)",
All discharges,,3263,100,14895.5966554083,
Age group,1-17,*,*,*,
,18-44,448,13.7296965982,14195.8710842069,
,45-64,1660,50.8734293595,14787.7765645689,
,65-84,1121,34.3548881397,15163.0934133701,
,85+,30,0.9193993258,18860.7393904673,
Sex,Male,1593,48.8201041986,15764.4544851265,
,Female,1670,51.1798958014,14066.8239382655,
,,,,,
"State statistics from HCUP State Inpatient Databases 2014, Agency for Healthcare Research and Quality (AHRQ), based on data collected by the Tennessee Hospital Association and provided to AHRQ. Values based on 10 or fewer discharges or fewer than 2 hospitals in the State statistics (SID) are suppressed to protect confidentiality of patients and are designated with an asterisk (*).",,,,,
"Citation: HCUPnet, Healthcare Cost and Utilization Project. Agency for Healthcare Research and Quality, Rockville, MD. https://hcupnet.ahrq.gov/. For more information about HCUP data see http://www.hcup-us.ahrq.gov/",,,,,
,,,,,
"2014  Texas, All Codes Combined",,,,,
"Medicare-Severity Diagnosis Related Groups (MS-DRG): #471      Cervical spinal fusion w mcc, #472      Cervical spinal fusion w cc, #473 Cervical spinal fusion w/o cc/mcc",,,,,
,,,,,
,,Number,,Hospital costs,
,,Total number of discharges: N,Percent of discharges,"Costs, $ (mean)",
All discharges,,14269,100,20159.5743775822,
Age group,1-17,53,0.3714345785,39974.0346199956,
,18-44,2404,16.8477118228,19164.1968294007,
,45-64,7856,55.0564160067,20203.8492268512,
,65-84,3853,27.0025930338,20325.8564287889,
,85+,103,0.7218445581,24816.774591926,
Sex,Male,6814,47.7538720303,21120.3082047026,
,Female,7454,52.2391197701,19279.1721653173,
,Missing,*,*,*,
,,,,,
"State statistics from HCUP State Inpatient Databases 2014, Agency for Healthcare Research and Quality (AHRQ), based on data collected by the Texas Health Care Information Council and provided to AHRQ. Values based on 10 or fewer discharges or fewer than 2 hospitals in the State statistics (SID) are suppressed to protect confidentiality of patients and are designated with an asterisk (*).",,,,,
"Citation: HCUPnet, Healthcare Cost and Utilization Project. Agency for Healthcare Research and Quality, Rockville, MD. https://hcupnet.ahrq.gov/. For more information about HCUP data see http://www.hcup-us.ahrq.gov/",,,,,
,,,,,
"2014  Utah, All Codes Combined",,,,,
"Medicare-Severity Diagnosis Related Groups (MS-DRG): #471      Cervical spinal fusion w mcc, #472      Cervical spinal fusion w cc, #473 Cervical spinal fusion w/o cc/mcc",,,,,
,,,,,
,,Number,,Hospital costs,
,,Total number of discharges: N,Percent of discharges,"Costs, $ (mean)",
All discharges,,1635,100,15003.5857673162,
Age group,1-17,23,1.4067278287,24771.8753911251,
,18-44,284,17.370030581,13329.2859829319,
,45-64,894,54.6788990826,14663.5311549875,
,65-84,424,25.9327217125,16085.4112213728,
,85+,*,*,*,
Sex,Male,847,51.8042813456,15538.7890020649,
,Female,788,48.1957186544,14429.6685929982,
,,,,,
"State statistics from HCUP State Inpatient Databases 2014, Agency for Healthcare Research and Quality (AHRQ), based on data collected by the Utah Department of Health and provided to AHRQ. Values based on 10 or fewer discharges or fewer than 2 hospitals in the State statistics (SID) are suppressed to protect confidentiality of patients and are designated with an asterisk (*).",,,,,
"Citation: HCUPnet, Healthcare Cost and Utilization Project. Agency for Healthcare Research and Quality, Rockville, MD. https://hcupnet.ahrq.gov/. For more information about HCUP data see http://www.hcup-us.ahrq.gov/",,,,,
,,,,,
"2014  Vermont, All Codes Combined",,,,,
"Medicare-Severity Diagnosis Related Groups (MS-DRG): #471      Cervical spinal fusion w mcc, #472      Cervical spinal fusion w cc, #473 Cervical spinal fusion w/o cc/mcc",,,,,
,,,,,
,,Number,,Hospital costs,
,,Total number of discharges: N,Percent of discharges,"Costs, $ (mean)",
All discharges,,202,100,21143.917187353,
Age group,18-44,44,21.7821782178,19172.5231647575,
,45-64,113,55.9405940594,21149.5910813587,
,65-84,43,21.2871287129,21962.8068105396,
,85+,*,*,*,
Sex,Male,107,52.9702970297,20338.0803291204,
,Female,95,47.0297029703,22051.5439645202,
,,,,,
"State statistics from HCUP State Inpatient Databases 2014, Agency for Healthcare Research and Quality (AHRQ), based on data collected by the Vermont Association of Hospitals and Health Systems and provided to AHRQ. Values based on 10 or fewer discharges or fewer than 2 hospitals in the State statistics (SID) are suppressed to protect confidentiality of patients and are designated with an asterisk (*).",,,,,
"Citation: HCUPnet, Healthcare Cost and Utilization Project. Agency for Healthcare Research and Quality, Rockville, MD. https://hcupnet.ahrq.gov/. For more information about HCUP data see http://www.hcup-us.ahrq.gov/",,,,,
,,,,,
"2014  Washington, All Codes Combined",,,,,
"Medicare-Severity Diagnosis Related Groups (MS-DRG): #471      Cervical spinal fusion w mcc, #472      Cervical spinal fusion w cc, #473 Cervical spinal fusion w/o cc/mcc",,,,,
,,,,,
,,Number,,Hospital costs,
,,Total number of discharges: N,Percent of discharges,"Costs, $ (mean)",
All discharges,,3760,100,22583.1115492278,
Age group,1-17,13,0.3457446809,70628.5337540222,
,18-44,596,15.8510638298,20435.0383591579,
,45-64,2098,55.7978723404,21793.9821181842,
,65-84,1009,26.835106383,24387.3904414207,
,85+,44,1.170212766,33736.2314748156,
Sex,Male,1892,50.3191489362,23248.3359959921,
,Female,1868,49.6808510638,21909.3403215628,
,,,,,
"State statistics from HCUP State Inpatient Databases 2014, Agency for Healthcare Research and Quality (AHRQ), based on data collected by the Washington State Department of Health and provided to AHRQ. Values based on 10 or fewer discharges or fewer than 2 hospitals in the State statistics (SID) are suppressed to protect confidentiality of patients and are designated with an asterisk (*).",,,,,
"Citation: HCUPnet, Healthcare Cost and Utilization Project. Agency for Healthcare Research and Quality, Rockville, MD. https://hcupnet.ahrq.gov/. For more information about HCUP data see http://www.hcup-us.ahrq.gov/",,,,,
,,,,,
"2014  West Virginia, All Codes Combined",,,,,
"Medicare-Severity Diagnosis Related Groups (MS-DRG): #471      Cervical spinal fusion w mcc, #472      Cervical spinal fusion w cc, #473 Cervical spinal fusion w/o cc/mcc",,,,,
,,,,,
,,Number,,Hospital costs,
,,Total number of discharges: N,Percent of discharges,"Costs, $ (mean)",
All discharges,,1022,100,18930.9994268823,
Age group,1-17,*,*,*,
,18-44,205,20.0587084149,16198.72402567,
,45-64,600,58.7084148728,18103.6066001485,
,65-84,211,20.6457925636,23467.2101758999,
,85+,*,*,*,
Sex,Male,544,53.228962818,19606.7218150297,
,Female,478,46.771037182,18161.9764579446,
,,,,,
"State statistics from HCUP State Inpatient Databases 2014, Agency for Healthcare Research and Quality (AHRQ), based on data collected by the West Virginia Health Care Authority and provided to AHRQ. Values based on 10 or fewer discharges or fewer than 2 hospitals in the State statistics (SID) are suppressed to protect confidentiality of patients and are designated with an asterisk (*).",,,,,
"Citation: HCUPnet, Healthcare Cost and Utilization Project. Agency for Healthcare Research and Quality, Rockville, MD. https://hcupnet.ahrq.gov/. For more information about HCUP data see http://www.hcup-us.ahrq.gov/",,,,,
,,,,,
"2014  Wisconsin, All Codes Combined",,,,,
"Medicare-Severity Diagnosis Related Groups (MS-DRG): #471      Cervical spinal fusion w mcc, #472      Cervical spinal fusion w cc, #473 Cervical spinal fusion w/o cc/mcc",,,,,
,,,,,
,,Number,,Hospital costs,
,,Total number of discharges: N,Percent of discharges,"Costs, $ (mean)",
All discharges,,2048,100,19974.9289261724,
Age group,1-17,*,*,*,
,18-44,386,18.84765625,18355.9753226604,
,45-64,1173,57.275390625,19400.8296757244,
,65-84,466,22.75390625,22373.2689548756,
,85+,16,0.78125,26220.6365559838,
Sex,Male,1036,50.5859375,20660.550799119,
,Female,1012,49.4140625,19273.0472459622,
,,,,,
"State statistics from HCUP State Inpatient Databases 2014, Agency for Healthcare Research and Quality (AHRQ), based on data collected by the Wisconsin Department of Health Services and provided to AHRQ. Values based on 10 or fewer discharges or fewer than 2 hospitals in the State statistics (SID) are suppressed to protect confidentiality of patients and are designated with an asterisk (*).",,,,,
"Citation: HCUPnet, Healthcare Cost and Utilization Project. Agency for Healthcare Research and Quality, Rockville, MD. https://hcupnet.ahrq.gov/. For more information about HCUP data see http://www.hcup-us.ahrq.gov/",,,,,
,,,,,
"2014  Wyoming, All Codes Combined",,,,,
"Medicare-Severity Diagnosis Related Groups (MS-DRG): #471      Cervical spinal fusion w mcc, #472      Cervical spinal fusion w cc, #473 Cervical spinal fusion w/o cc/mcc",,,,,
,,,,,
,,Number,,Hospital costs,
,,Total number of discharges: N,Percent of discharges,"Costs, $ (mean)",
All discharges,,183,100,29372.1634420659,
Age group,18-44,40,21.8579234973,25226.0165304382,
,45-64,94,51.3661202186,30559.7675080557,
,65-84,49,26.7759562842,30478.5123045569,
Sex,Male,94,51.3661202186,29929.8553486817,
,Female,89,48.6338797814,28783.1405294605,
,,,,,
"State statistics from HCUP State Inpatient Databases 2014, Agency for Healthcare Research and Quality (AHRQ), based on data collected by the Wyoming Hospital Association and provided to AHRQ. Values based on 10 or fewer discharges or fewer than 2 hospitals in the State statistics (SID) are suppressed to protect confidentiality of patients and are designated with an asterisk (*).",,,,,
"Citation: HCUPnet, Healthcare Cost and Utilization Project. Agency for Healthcare Research and Quality, Rockville, MD. https://hcupnet.ahrq.gov/. For more information about HCUP data see http://www.hcup-us.ahrq.gov/",,,,,
,,,,,
,,,,,
